Model,Mae,Mse,R2,Mape
Baseline,674.0526315789474,712851.2105263158,0.8500181795616505,0.1159929959486968
GradientBoosting,852.7458392385919,1151359.5322168334,0.6278390383469697,0.14418863889972425
Linear,843.3033126369589,1068842.1348000362,0.7036276906414216,0.140028281777866
