Model,Mae,Mse,R2,Mape
Baseline,843.3033126369589,1068842.1348000362,0.7036276906414216,0.14002828177786597
GradientBoosting,852.7458392385919,1151359.5322168334,0.6278390383469697,0.1441886388997242
Linear,745.8746171880581,934108.3127124156,0.7243889150106665,0.1240951143096045
