Model,Mae,Mse,R2,Mape
Baseline,674.0526315789474,712851.2105263158,0.8500181795616505,0.1159929959486968
GradientBoosting,852.7458392385919,1151359.5322168334,0.6278390383469697,0.1441886388997242
Linear,726.860956230453,1077696.3045861397,0.7309321546341723,0.12044484927605802
