Model,Mae,Mse,R2,Mape
Baseline,674.0526315789474,712851.2105263158,0.8500181795616505,0.11599299594869683
GradientBoosting,656.343758481073,1010599.4870124282,0.7302452374418005,0.0
Linear,745.8746171880581,934108.3127124156,0.7243889150106665,0.1240951143096045
