Model,Mae,Mse,R2
Baseline,545.4068965517241,546911.7903448277,0.8274107662444903
GradientBoosting,656.343758481073,1010599.4870124282,0.7302452374418005
Linear,745.8746171880581,934108.3127124157,0.7243889150106665
