Model,Mae,Mse,R2,Mape
Baseline,465.6756756756757,342725.35135135136,0.8988003532425421,0.1235826136959845
GradientBoosting,751.1745055287707,1155300.4833036694,0.6876110583021443,0.23074889600594772
Linear,847.2398958638322,1024202.2342498314,0.5788077868818657,0.2618400176748389
