Model,Mae,Mse,R2,Mape
Baseline,465.6756756756757,342725.35135135136,0.8988003532425421,0.12358261369598453
GradientBoosting,835.9377700386652,1588971.6447015528,0.5703479937472276,0.2296121965427562
Linear,847.2398958638322,1024202.2342498314,0.5788077868818657,0.2618400176748389
