Model,Mae,Mse,R2,Mape
Baseline,2969.109090909092,11993304.590303032,0.8621599869976108,0.077730479209377
GradientBoosting,3091.184836938344,15104945.209117925,0.6980122521777669,0.0857761011710929
Linear,2334.3561034699087,8835261.702131428,0.8779303570825763,0.05519777025253854
