Model,Mae,Mse,R2,Mape
Baseline,2969.109090909092,11993304.590303032,0.8621599869976108,0.077730479209377
GradientBoosting,3081.089349800918,15037494.644571658,0.699360767104148,0.0854530704284749
Linear,2334.356103469909,8835261.702131433,0.8779303570825763,0.055197770252538546
