Model,Mae,Mse,R2
Baseline,2969.109090909092,11993304.590303032,0.8621599869976108
GradientBoosting,3082.482990330468,15016720.837114368,0.699776090380126
Linear,2334.356103469909,8835261.702131433,0.8779303570825763
