Model,Mae,Mse,R2,Mape
Baseline,2969.109090909092,11993304.590303032,0.8621599869976108,0.077730479209377
GradientBoosting,3113.1430875646643,15209861.901831951,0.6959146903989568,0.08630246235020297
Linear,2334.3561034699087,8835261.702131428,0.8779303570825763,0.0551977702525385
