Model,Mae,Mse,R2
Baseline,641.8129032258065,713313.4877419356,0.7408341728662499
GradientBoosting,655.3718564288306,975837.5449477811,0.7395240858364617
Linear,602.2647377644048,715189.9806598332,0.7552705363805621
