Model,Mae,Mse,R2,Mape
Baseline,641.8129032258065,713313.4877419356,0.7408341728662499,0.1490059671010943
GradientBoosting,672.3541717600216,1010487.9864343866,0.7302749997881516,0.1763483980413072
Linear,513.9651181436118,540614.9328963697,0.7998010088296343,0.1694329943092336
