Model,Mae,Mse,R2,Mape
Baseline,641.8129032258065,713313.4877419356,0.7408341728662499,0.1490059671010943
GradientBoosting,666.8233805927343,999183.6980446418,0.7332924024977845,0.1746229998546164
Linear,513.9651181436118,540614.9328963697,0.7998010088296343,0.1694329943092336
