Model,Mae,Mse,R2,Mape
Baseline,641.8129032258065,713313.4877419356,0.7408341728662499,0.1490059671010943
GradientBoosting,668.7837108320414,1005540.4760305488,0.731595616423518,0.17340877748939243
Linear,513.9651181436118,540614.9328963697,0.7998010088296343,0.1694329943092336
